ID,Matches played,Name,Highlander games,6's games,Points,Defaults,Country,Joined
52912,375,JoeN,185,192,1437,0,UnitedKingdom,4637
120,372,b0nes,89,283,1133,0,UnitedKingdom,6064
17393,346,Dr. Phil,40,256,1230,0,Denmark,5299
12080,341,Ihor,112,167,977,0,Ukraine,5446
91858,337,Sebastianey,140,231,1478,0,Austria,3902
71145,332,yak,131,230,1146,2,Netherlands,4228
2184,329,schocky,20,289,1336,0,Germany,5855
91340,324,Leila,170,172,1267,1,UnitedKingdom,3925
72045,315,Menty,74,181,1019,0,Germany,4211
8016,311,Clark,175,73,1176,2,Latvia,5589
14394,310,Hildreth,79,184,1118,0,England,5386
63505,302,TimTum,66,189,995,3,Netherlands,4374
11547,300,beach,76,207,866,0,UnitedKingdom,5462
67379,298,Villdjack,107,174,1038,1,Sweden,4288
89548,297,robin,98,149,1004,0,Italy,4021
50335,285,Goz,69,199,914,1,Finland,4656
71808,280,JackyLegs,145,114,1296,0,Israel,4214
115930,278,Pahan,101,156,965,1,Russia,3262
89901,278,Detoed.,88,123,835,2,Ukraine,4004
25221,271,dqz,103,167,1027,0,Russia,5091
95442,269,Included_Middle,108,138,909,6,England,3732
576,266,F2,19,191,950,0,Denmark,5967
9892,265,Gubbins,31,207,792,2,UnitedKingdom,5517
92155,264,Boshy [ALTFS],91,115,827,3,Ukraine,3883
66863,261,Kimo,144,178,869,2,Denmark,4294
92272,261,Bloodis,69,155,769,1,Finland,3875
786,260,atomic-,57,80,598,1,Latvia,5944
21815,260,Sacrilege,74,145,781,1,Belgium,5198
39487,258,Kuferl,74,139,753,0,Austria,5063
86246,255,CeeJaey,83,175,922,0,Spain,4083
76592,253,Tercio,112,119,862,3,Poland,4151
57921,253,bugser,62,132,777,2,Russia,4552
106347,253,Kosuke,100,147,866,0,Ireland,3529
2788,250,kaidus,38,178,986,1,UnitedKingdom,5826
83320,250,Liko,117,169,918,0,Sweden,4101
24242,249,Mon,36,152,864,3,Russia,5105
60690,247,Spreijer,91,104,893,4,Lithuania,4502
112369,246,JENNY,85,156,830,5,Netherlands,3394
59262,245,marten,33,191,697,0,Netherlands,4520
17956,243,uubers,61,122,856,4,Latvia,5288
1357,243,zoob,64,107,839,0,Finland,5882
63891,241,Just1s,112,118,878,1,Lithuania,4352
315,240,b0binho,62,168,730,0,England,6019
58862,240,tavi,29,207,708,2,Romania,4524
19674,239,Josh,35,212,860,1,Ireland,5238
69882,238,Deox,80,131,820,1,Scotland,4250
49395,235,sorex,54,153,796,0,Italy,4663
67383,234,Fishage,121,175,737,1,UnitedKingdom,4288
15430,227,JohnnyBambo,27,176,674,2,Germany,5349
93023,227,tuja,53,120,691,1,Hungary,3837
3246,227,TroX,52,114,677,2,Russia,5815
90459,226,Kwq,90,140,991,2,Poland,3974
9534,225,CeeGee,26,148,557,0,UnitedKingdom,5532
94245,224,Raf,36,161,662,2,France,3779
63578,223,neon,58,160,765,0,Finland,4370
52957,223,Hei,74,105,631,0,Estonia,4637
19877,223,skeej,54,152,623,0,Netherlands,5232
801,223,Fragm3nt3d,28,162,619,0,Scotland,5942
7272,222,Recluse,31,124,699,0,Russia,5624
96071,219,Crayon,56,148,666,0,Ireland,3721
50139,219,Seal,86,112,739,0,Sweden,4656
3986,218,WARHURYEAH,11,198,736,0,England,5782
61126,217,greenrab,4,193,713,1,Scotland,4487
72348,215,Meaff,81,100,695,0,Russia,4206
63103,215,wonszu,17,179,867,0,Poland,4396
118074,214,Agen,75,182,862,0,Norway,3151
10218,214,CanFo,21,168,615,0,Germany,5501
11802,212,Zebbosai,34,117,823,0,Sweden,5455
90259,212,ixy,14,201,788,1,Italy,3986
101704,211,Toast,82,103,822,1,Denmark,3676
20593,211,ondkaja,49,120,813,1,Sweden,5213
18214,211,Thalash,41,133,923,0,Denmark,5280
75452,210,adysky,63,122,762,2,Slovakia,4159
68231,209,Scyper,50,125,629,0,Finland,4276
66334,209,mezzo,123,88,1090,0,Germany,4304
43040,209,Fenrir,56,141,618,2,Scotland,4885
68308,208,Raptor,49,110,665,1,Austria,4275
61441,207,Kauko,92,107,693,0,Finland,4479
105179,207,morale,60,148,884,1,UnitedKingdom,3582
70031,206,kaptain,16,154,930,0,Netherlands,4247
58470,206,Kaylus,68,140,641,1,France,4544
105451,206,mystt,43,141,768,0,Netherlands,3569
18096,206,Starkie,13,157,899,1,UnitedKingdom,5284
3355,205,Predz,32,194,737,0,Ireland,5810
96730,205,TheMeerCat,70,122,666,0,UnitedKingdom,3696
117261,204,Gazy,33,178,807,0,Germany,3195
94955,204,proky,88,87,749,0,England,3743
113682,203,Mimo,86,167,870,2,Finland,3355
91031,203,Mayh,121,99,1046,1,England,3943
66808,202,Graba,44,120,565,1,Poland,4294
90713,200,ZYKAZ,50,141,814,0,Germany,3962
3633,200,basH.,2,116,678,2,Germany,5799
14782,200,NeuTronas,22,114,478,0,Lithuania,5371
113520,200,PRO+MOC=JA,68,114,725,2,Poland,3358
6983,199,catman,69,77,555,3,Russia,5635
63795,198,MARS^,79,105,799,0,Germany,4357
50128,198,Eniere,62,97,583,0,Russia,4656
51621,198,amppis,8,182,830,1,Finland,4648
18583,198,SaSHAAA@,67,118,606,0,Ukraine,5268
92627,197,shades,67,138,730,1,England,3853
67113,197,squirrel_BVC,31,157,483,1,UnitedKingdom,4291
100302,196,gedu,69,136,842,2,CzechRepublic,3684
67640,195,Morni,46,139,564,4,Finland,4285
111886,193,nubbi,64,125,916,1,Hungary,3410
93598,193,Funs,35,112,708,1,Wales,3811
58890,193,Muuki,56,113,762,0,Finland,4523
92146,193,eepily,18,175,528,0,England,3884
95083,193,Murpheey,94,61,782,1,Germany,3740
80325,192,Ignis,14,147,622,0,Germany,4121
879,192,wonder,37,126,533,1,Poland,5936
57764,192,Néo,13,173,737,0,France,4555
109742,192,AustinN,74,98,649,2,England,3473
20748,191,Permzilla,45,115,646,3,UnitedKingdom,5211
118746,191,hondjo,112,119,773,0,Netherlands,3112
5169,190,NiKoRo,70,84,545,0,Finland,5715
23755,190,lippy,35,97,503,2,Ukraine,5139
4020,189,PingWIN,24,106,534,1,Hungary,5779
47721,188,Drackk,13,143,735,0,England,4693
75949,187,Sepu,82,103,558,1,Finland,4155
52746,187,Ombrack,18,150,655,1,France,4639
59814,185,misha YB`g,13,142,586,3,CzechRepublic,4516
44406,184,sheepy dog's hand,14,142,570,1,Scotland,4755
8651,184,Crime [ALTFS],54,101,570,2,Russia,5569
71785,184,Mop,18,155,519,4,UnitedKingdom,4215
50117,183,HartzFartz,116,48,551,1,Switzerland,4656
50411,183,Smirre,11,154,644,1,Sweden,4655
19491,183,MEGAMIDDIE,6,155,600,2,England,5242
81768,183,Condawg,36,159,667,1,UnitedKingdom,4110
49047,183,Pot8o,15,147,607,3,Denmark,4669
105578,183,nicco,26,193,783,1,Germany,3563
117912,182,Jorge,29,137,518,1,Spain,3160
95085,182,Walter Weiss,110,49,679,0,Germany,3740
112699,182,dempsey,91,135,901,0,Ireland,3381
18321,181,Cauthon,43,118,541,0,Finland,5276
9829,181,fränk,18,156,492,0,Germany,5519
103697,180,basedgod,13,155,682,4,CzechRepublic,3634
92009,180,Olgha,32,124,543,1,France,3892
95065,180,31,51,108,604,1,Portugal,3740
78334,180,$neaky,97,128,814,1,Wales,4137
5886,179,Brego,13,112,542,2,Germany,5680
65211,179,kermit,19,138,520,1,Scotland,4325
23791,179,n1ven,39,114,586,1,Hungary,5138
28069,179,Tombahh,57,105,566,3,Finland,5089
42683,179,dima,57,94,634,4,Russia,4919
90949,178,drew,117,51,574,0,Israel,3947
55481,177,Icewind,121,114,597,3,Netherlands,4595
55082,177,Silentes,14,162,927,1,UnitedKingdom,4602
14930,177,Spicy,16,127,464,2,Russia,5366
48872,176,Quantum Plumber,56,95,545,0,UnitedKingdom,4673
15525,175,Santtu,35,98,506,2,Finland,5347
66466,175,STiNGHAN,127,54,697,0,Poland,4301
89864,175,Nagi,33,119,558,3,Wales,4005
58156,175,zen1th,21,136,704,1,Seychelles,4549
11636,175,Monkeh,18,73,364,1,England,5460
10194,174,Kiler4fun,16,104,575,1,Portugal,5503
32017,174,So||o Wo|o,6,129,526,1,Spain,5085
9035,174,T0m,22,129,533,1,England,5553
17492,174,Hafficool,15,100,582,1,Iceland,5298
17983,173,Raymon,27,128,752,1,UnitedKingdom,5288
94609,173,Demos,55,117,613,0,Romania,3759
104289,173,Domo,12,177,847,2,UnitedKingdom,3614
21204,173,Buttnose,29,94,488,1,UnitedKingdom,5206
86050,173,Krun,15,129,474,0,CzechRepublic,4084
115289,173,kola,50,106,497,1,Finland,3289
107063,173,Chef Excellence,55,125,609,1,UnitedKingdom,3500
102697,173,Dave_IR8,77,61,431,0,UnitedKingdom,3661
3841,173,wltrs,9,125,587,1,Sweden,5789
4032,172,Gas13,31,110,453,1,Russia,5779
94719,172,cloudy,89,54,621,2,England,3751
63583,171,009EFF,23,133,556,7,Belgium,4370
74241,171,DCS,51,113,436,2,Germany,4174
72079,170,LionKing,88,85,551,0,Germany,4210
23324,170,TheSucker,38,43,553,0,Sweden,5155
9871,169,droso,38,88,556,0,Belgium,5518
105478,169,Vclox_,123,103,824,1,England,3568
70868,169,Bob Bami,60,77,499,1,Netherlands,4234
12561,168,.kr4tos,12,138,498,0,Germany,5433
95146,168,Elacour,18,142,594,2,France,3738
108915,168,B4ro,57,94,463,3,UnitedKingdom,3479
89942,167,Corbac,6,147,592,1,France,4002
62632,167,feeling,28,95,540,0,Germany,4425
104976,167,Traitor,24,163,650,0,Norway,3591
90085,167,credu,19,126,694,2,Finland,3995
60764,166,Fischkopf,5,169,643,5,Germany,4499
62090,166,Aoshi,57,88,475,2,Belgium,4454
18644,166,smziii,23,116,599,2,Germany,5266
107775,166,Sprasty,62,92,543,1,Italy,3488
9994,166,kKaltUu,60,65,473,1,Netherlands,5511
11433,166,Mike,7,125,699,0,Wales,5465
101642,166,Buck824,113,39,536,3,England,3676
5975,165,H...,26,98,430,3,England,5676
43456,165,caeli,28,91,380,2,Spain,4848
89279,165,dd5f,18,103,560,5,Germany,4038
91430,165,Dowel,87,130,661,2,England,3922
11076,164,scatmo,17,120,387,1,Spain,5473
61388,164,Der_Milchmann,69,71,554,2,Germany,4480
1242,164,Netsky,0,129,436,1,Luxembourg,5894
48222,163,Muffinz,34,129,615,2,Finland,4684
104999,163,Beckler,65,88,424,1,Germany,3589
96545,163,Princess Luna,58,108,509,2,Finland,3702
112758,162,maly,18,130,538,2,Poland,3378
66898,162,alle,27,94,572,1,Sweden,4293
91077,162,Silver,67,105,586,0,Russia,3940
104286,161,Vouri,41,106,494,2,England,3615
58226,161,alba,10,145,605,0,Sweden,4548
63260,161,quintosh,76,54,573,0,Germany,4390
65899,161,Mac,21,145,544,1,UnitedKingdom,4312
96658,160,El Beno,48,129,447,3,England,3698
92327,160,chando,66,81,482,0,England,3871
120113,160,lc50,68,62,463,2,Russia,3054
14356,159,ash,1,161,489,0,Germany,5387
107814,159,SchmitShot,69,131,673,0,France,3487
20076,159,NKF,35,107,404,0,Germany,5226
83579,159,tobs,6,131,476,0,Denmark,4099
13753,159,Setlet,19,97,476,1,Finland,5408
2970,158,Adrenaline,19,106,534,1,Italy,5822
113797,158,auto,56,145,823,1,UnitedKingdom,3351
126040,157,Elsbeth,86,115,646,1,International,2719
15442,157,crizzl,4,124,532,1,Denmark,5349
90611,156,AlienSmiley,12,174,611,0,France,3967
97365,156,Flowy,62,83,479,1,Austria,3693
3885,156,irfx,49,60,453,1,Russia,5788
93698,156,deli69,34,154,687,1,France,3805
4359,156,Jose,14,97,440,0,Finland,5763
16433,155,Swi,18,115,540,0,Sweden,5324
58865,155,aidelos,13,129,510,0,Germany,4524
113699,155,Aga,80,79,515,3,Finland,3354
71150,155,Twisted,37,97,485,2,Sweden,4228
10598,155,Mont,11,155,494,2,UnitedKingdom,5484
17174,155,Linus,42,74,503,0,Hungary,5302
94313,154,Silver Tosspot,66,69,529,3,Sweden,3775
9924,154,Flippy,25,96,570,3,France,5515
107064,154,Shaggy,61,73,525,2,Belgium,3500
17660,154,Beater,22,102,442,2,Denmark,5295
90327,153,Collaide,3,116,427,2,Sweden,3982
89537,153,Spanns,61,88,465,1,Portugal,4022
10965,153,Shampoo,23,106,508,1,Romania,5475
96203,152,Turboapina,28,89,539,2,Finland,3715
24035,152,kalhó,10,82,406,3,Portugal,5121
101380,152,Acecle,37,95,437,2,UnitedKingdom,3678
60043,152,mak,37,139,681,2,England,4513
93427,152,fundo,70,102,624,0,Finland,3820
3982,152,FlagZero,11,74,324,0,Croatia,5782
59942,152,skyro,39,88,391,1,Netherlands,4514
24401,152,mici,12,106,459,2,Hungary,5093
15596,152,Tek,23,99,540,1,France,5346
849,152,SnowiE,1,97,358,0,England,5939
59084,152,Horppi,53,86,484,0,Finland,4521
63718,151,Grenja,72,54,509,1,UnitedKingdom,4361
9555,151,ryder,6,120,471,1,Iceland,5531
77792,151,juju,95,52,407,2,Finland,4141
59397,151,Bonkers,16,95,628,0,Poland,4519
30301,151,EmilioEstevez,107,11,632,1,UnitedKingdom,5087
59560,151,junnu,18,133,512,2,Finland,4518
110060,150,Yxxo,51,70,503,0,Norway,3469
77,150,Haunter,30,87,494,0,Portugal,6074
21478,150,TviQ,25,59,519,0,Sweden,5202
88924,150,Jynxii,30,114,537,3,England,4059
65160,150,JuniorFerrariMafia,51,61,440,1,Ukraine,4326
2633,150,mèx,24,89,504,0,Italy,5828
101131,149,lor_is,23,116,372,0,UnitedKingdom,3680
22673,149,dmoule,14,127,569,1,France,5177
115603,149,DigyB,36,96,512,0,Ireland,3275
92157,149,zeFrosty,13,160,582,1,Scotland,3883
30730,149,Maxi,39,91,362,1,England,5087
40957,149,Caoul!,16,114,419,1,Sweden,5031
47228,149,Punkka,29,103,457,6,Finland,4702
4326,149,Nikola,9,98,421,0,Bulgaria,5764
75941,149,calle cool,41,107,473,2,Sweden,4155
89833,149,anni,108,50,698,1,Netherlands,4006
62952,149,Celreo,67,95,468,2,England,4404
109413,148,Zim,13,166,485,1,Belgium,3476
16820,148,frixx,10,113,408,0,Slovenia,5312
2266,148,sammie,0,125,435,0,Russia,5851
116732,148,tikkeh,61,106,569,0,Lithuania,3225
124309,148,Breez,22,102,436,4,CzechRepublic,2890
63544,148,thaZu,28,80,465,2,Poland,4372
76228,147,sintyre,85,69,522,1,Denmark,4153
32012,147,shappie,13,153,624,2,Lithuania,5085
42104,147,cmd,16,100,446,0,Iceland,4975
62492,147,CHICHO,33,79,417,6,Spain,4431
125126,147,SirDuck,53,117,469,2,England,2827
19565,147,Forsak3n,10,87,490,0,Russia,5240
18990,146,Shyyou,3,96,431,0,Belarus,5257
90251,146,Honey Badger,16,107,457,1,UnitedKingdom,3986
11427,146,slate,16,99,449,1,Germany,5465
10125,146,.Constantine,29,100,439,2,Germany,5505
91053,146,miknando,60,68,509,3,Finland,3942
63124,146,Manky,15,149,571,1,Croatia,4395
3977,146,qnx,9,89,484,0,Norway,5782
82111,146,tXX,17,111,438,3,Portugal,4108
9003,145,DRookie,18,66,352,0,Croatia,5555
11387,145,Drozdzers,2,148,539,1,Poland,5466
55039,145,BeS,26,73,438,1,Italy,4603
116844,145,Xeno,47,113,407,4,Slovakia,3219
103899,145,Nicky,5,160,663,1,England,3628
92844,144,TeaKay,59,68,424,0,England,3843
112414,144,scar,46,116,526,0,France,3393
42798,144,Death,31,87,457,0,Ukraine,4910
103319,144,Biohazard,62,96,534,4,Portugal,3645
49307,144,Kissakala,44,81,547,0,Finland,4665
65230,144,tonmas,20,118,462,1,Finland,4325
42028,144,anti2,63,55,408,1,Russia,4980
90051,144,Eemes,16,114,467,3,England,3997
77824,143,Rick May,83,33,624,1,Norway,4141
58332,143,iZon,32,95,534,0,Sweden,4546
67384,143,jimb0t,17,111,398,1,UnitedKingdom,4288
24032,143,Oxy,43,51,369,0,England,5121
8270,143,Bukhar,6,128,375,1,Germany,5577
96226,143,scrambled,59,44,402,1,Scotland,3714
102665,143,.strix,45,102,374,2,Italy,3662
123327,143,swayze,66,117,514,3,England,2934
61057,143,NuTRiCuLa,71,44,390,8,Georgia,4489
74939,143,Sjukel,70,68,455,0,Finland,4164
67473,142,MS,94,45,349,0,England,4287
20428,142,Homer J.,18,77,519,0,Germany,5215
511,142,Abomination,35,89,394,1,UnitedKingdom,5978
21944,142,TheMasterOfDisaster,113,52,460,1,Netherlands,5196
49588,142,Dennia,28,89,448,0,Sweden,4659
106732,142,bum,15,125,418,3,England,3515
5852,142,Spary,15,103,468,0,Israel,5682
105130,141,Pred,17,100,397,3,Croatia,3584
91117,141,croix,22,92,479,3,Italy,3938
91017,141,RAMA,20,120,384,2,Russia,3944
89834,141,cherryrendezvous,68,46,550,2,UnitedKingdom,4006
42226,141,Blitzo,5,125,564,2,France,4962
17889,141,spudd,23,107,530,0,England,5290
29009,141,Buhenvalds,20,88,490,4,Latvia,5089
93473,141,CazaroC,64,59,506,0,Luxembourg,3818
110974,141,COLLINE,30,102,451,1,Portugal,3441
123858,141,Godz Ares,44,78,436,1,Italy,2920
119645,140,seeds,14,124,564,0,European,3073
12113,140,helberg,3,97,560,0,Denmark,5446
115945,140,Klin,47,76,386,0,England,3261
113475,140,Jordy,20,133,561,1,Netherlands,3359
1156,140,Thy*,19,53,391,1,Germany,5901
120310,140,zetsu,39,70,389,0,Hungary,3045
101090,140,streep36,11,109,375,1,Netherlands,3681
64621,140,kitty,38,108,467,1,Finland,4337
104207,140,tiia,26,126,576,1,Germany,3617
20688,140,SmAsH,9,160,467,0,UnitedKingdom,5212
6382,140,L-iNC,37,95,458,1,Finland,5659
809,139,Rasta,0,124,408,0,Austria,5942
91759,139,bluR-,67,60,436,4,Spain,3907
127075,139,qBowN∼,49,112,622,2,Germany,2673
62484,139,Synrise,93,21,483,0,Belgium,4431
75687,139,ekkelund,29,110,430,3,Finland,4157
78356,138,jun0,8,121,443,0,UnitedKingdom,4137
57774,138,HBFS,62,65,337,0,BosniaHerzegovina,4555
116261,138,Charlie,7,127,437,0,UnitedKingdom,3248
50507,138,DizAmbiguation,94,36,412,0,Germany,4655
109664,138,oJ,14,109,499,1,England,3475
60746,138,Glastry,9,122,447,1,France,4500
127645,137,Storm,65,122,584,0,Norway,2665
111086,137,wildpiggie,40,117,572,1,Portugal,3436
3362,137,hocz,0,90,429,0,Finland,5810
103449,137,Dom,63,48,481,1,Netherlands,3642
118289,136,varnu,39,133,571,2,Estonia,3139
10793,136,SniegZ,14,92,408,2,Lithuania,5478
14905,136,SteveyJJ,4,116,434,0,England,5367
47118,136,Kylähullu,30,71,350,0,Finland,4703
82675,136,fluo,22,93,525,2,Italy,4105
5149,136,koko,17,84,378,0,Germany,5718
9454,136,T-Mac,18,80,478,1,France,5535
63840,136,fishyard,3,147,524,1,Norway,4355
62812,136,iikq,11,112,424,1,Finland,4413
8068,136,Tenshi,3,123,356,0,Germany,5587
89110,136,roban,44,65,334,2,Finland,4047
18414,135,vani,15,135,590,0,Sweden,5274
93511,135,Dragonce,46,71,395,0,Finland,3816
23881,135,Opti,2,116,515,0,France,5131
9981,135,SpacePig,14,64,336,0,Croatia,5512
26355,135,san alex,49,47,330,0,Portugal,5090
64312,135,TSM,67,60,436,5,Netherlands,4343
106097,135,yorski,29,112,438,0,Finland,3540
113232,135,Lurkki,31,78,392,2,Finland,3363
95215,134,Sennaj_Legend,43,81,340,0,Germany,3737
120460,134,dwo69,42,97,492,1,France,3042
115616,134,static,21,97,394,1,UnitedKingdom,3274
63623,134,PIPSQUEAK,27,89,481,0,Sweden,4367
7732,134,Galant,13,92,403,2,Russia,5603
62141,134,ShaDowBurn,35,70,468,0,Russia,4451
115570,134,papi,6,155,758,0,England,3276
89277,132,TheNewbie,16,79,248,1,Estonia,4038
22900,132,Ceymoure,3,115,407,0,Denmark,5169
113486,132,None_,47,137,468,5,Finland,3359
113262,132,slowtown,18,88,409,2,Ukraine,3363
116480,132,PJC,9,125,427,1,England,3237
63676,132,Hot,39,79,358,0,France,4364
28613,132,Selek,55,49,440,0,Germany,5089
103920,132,Mason,47,50,338,0,Japan,3627
58873,132,Munky,48,75,470,1,UnitedKingdom,4524
121216,132,Assassin+,87,103,532,0,Spain,2995
120821,131,Offside,21,105,418,4,England,3025
43547,131,Mars,0,158,423,0,CzechRepublic,4838
125565,131,CAR DOOR,89,96,691,0,Germany,2775
95749,131,hemp,11,105,425,0,Norway,3727
21095,131,Azunis,18,112,372,0,France,5208
59587,131,Irppa,12,119,480,0,Finland,4517
29224,131,Strno,96,0,376,1,Slovakia,5088
50851,131,s0rex,14,89,412,1,Israel,4653
92098,130,milkyeu,6,108,452,0,CzechRepublic,3887
762,130,TonyGappa,8,97,272,1,Netherlands,5946
20005,130,sano,1,96,337,0,Russia,5228
101156,129,Warped,15,154,538,3,UnitedKingdom,3680
95814,129,Woona,82,59,385,3,Spain,3726
104385,129,I stole your bees.,68,32,420,0,Scotland,3611
73083,129,Medico,3,120,496,0,France,4193
121342,129,Cyanic,50,100,422,1,UnitedKingdom,2987
98988,129,Eli,27,99,376,1,England,3690
6429,129,huhystah,27,67,347,0,Lithuania,5658
31450,129,hp,9,102,417,1,Sweden,5086
124136,129,Chez,27,102,331,1,Estonia,2903
90928,129,S@GA,50,34,471,5,Germany,3949
130453,129,Whip,50,129,494,1,Scotland,2424
1711,128,Vasa_kot,29,62,312,1,Russia,5873
5313,128,cookye,12,105,504,0,Finland,5704
12499,128,prpht,66,53,412,0,Germany,5435
3394,128,Gompy,6,79,325,0,Norway,5809
14957,128,Entire,11,81,301,0,Lithuania,5366
104006,128,Samus,35,99,389,2,Germany,3624
90404,128,Dejvi,60,105,524,2,Italy,3977
56531,128,hr,1,98,381,0,England,4575
95873,128,HEMSTRAND,21,105,441,2,Finland,3725
12500,128,RazorsEdge,5,124,403,1,Germany,5435
125440,128,pluxa,47,85,482,1,Russia,2791
115778,128,numb,63,84,479,4,England,3268
114717,128,TBourdon,86,44,548,1,France,3312
91638,127,MrSmithers,12,110,407,1,UnitedKingdom,3916
117378,127,adje,81,34,514,1,Belgium,3188
4235,127,mort,7,91,406,0,Russia,5769
28338,127,ari,10,109,439,1,UnitedKingdom,5089
101355,127,swir,56,69,341,4,Poland,3678
94280,127,sicko,16,102,454,0,England,3777
119086,127,puck,28,107,553,1,UnitedKingdom,3096
90128,127,Deity,103,79,473,3,Russia,3993
106222,127,I'm Hotep,46,83,326,2,Finland,3534
105445,127,Bv,10,147,417,0,Germany,3570
129595,127,DelT,107,85,684,1,CzechRepublic,2524
61907,127,Steve!,81,26,457,0,European,4463
5121,127,Mirelin,0,94,460,6,Latvia,5720
20230,127,Blooddrunk,41,74,411,0,Germany,5222
100436,127,myownigorek,5,90,402,0,Russia,3684
96957,127,Ascend,18,108,404,1,England,3694
106236,127,utka,29,120,544,1,Russia,3533
89070,127,MALU!,8,99,381,1,Netherlands,4049
89311,126,LilCute,22,124,504,0,Portugal,4036
39506,126,Sef,25,65,245,0,Spain,5063
5017,126,maggles!,33,54,305,0,UnitedKingdom,5728
92182,126,nachodog1661256,58,33,369,1,Croatia,3881
63997,126,Kilgors,9,95,433,0,Latvia,4349
115721,125,Swanny,45,54,348,0,England,3270
68334,125,TaylorSwiftFan100,9,96,331,0,Austria,4275
46595,125,tms,7,140,518,5,CzechRepublic,4713
113001,125,Nightmare,73,21,477,1,Netherlands,3368
52231,125,JacquesLEB,6,113,326,1,England,4645
60960,125,MoistPenguin,41,56,346,0,UnitedKingdom,4492
10353,125,Enef,6,72,257,0,UnitedKingdom,5494
93150,125,Lanzer,25,111,492,0,Israel,3832
118036,125,toemas_,24,118,718,0,England,3153
91807,125,Teatime,90,14,383,2,Germany,3904
108799,125,Foz,88,53,392,2,Sweden,3480
94793,125,Maccy,73,51,471,0,England,3748
14729,125,YoOko,29,84,413,1,Russia,5373
99975,125,BrannMolvik Norway,80,61,431,1,Norway,3686
7072,125,fat0n,3,107,389,0,Russia,5633
94432,125,Gigi,49,133,673,1,England,3770
56918,125,Setsul,39,77,369,1,Germany,4569
7492,125,eppz,12,97,345,2,Sweden,5613
8901,124,Natural,6,94,468,0,Denmark,5560
621,124,Erner0,2,91,312,2,Spain,5963
2574,124,numlocked,0,99,557,0,England,5830
111497,124,gamma,61,93,477,1,Ireland,3421
63133,123,Neeko,9,109,380,0,Germany,4395
11142,123,xxxlasagne,4,59,355,1,Hungary,5472
57127,123,phromelo,47,42,443,2,Poland,4567
49224,123,Dingo,17,63,423,0,Italy,4666
5320,123,Asskicker,11,97,248,0,Belgium,5703
67343,123,SageLuke,40,73,349,0,Finland,4288
88729,123,Callum,14,81,444,1,Wales,4066
86357,123,fnzkie,90,39,443,0,Russia,4083
5195,123,LUH-3417,10,92,236,0,Netherlands,5713
5510,122,D1ego$,14,64,293,1,Russia,5694
79618,122,Nevo,5,146,548,0,France,4127
115636,122,tiram,50,115,557,1,UnitedKingdom,3273
93212,122,Temrane,81,107,594,0,England,3829
113770,122,Faisal,55,51,429,1,SaudiArabia,3352
20353,122,Herr_P,16,78,469,0,Sweden,5218
13484,122,toogyboogy,7,78,386,0,Norway,5421
128537,121,Blanc,40,110,698,1,Denmark,2618
91301,121,Namtac,5,98,377,0,France,3927
20777,121,furbo,36,51,402,0,Sweden,5211
121057,121,Superiumentarius,88,30,382,1,Germany,3006
126325,121,narkkari,38,54,384,0,Ukraine,2688
101144,121,nash,24,108,347,0,Finland,3680
72185,121,Charizard™,70,35,328,0,Russia,4208
16941,120,Jack,36,58,315,0,Russia,5308
93515,120,pozker,83,10,399,0,Russia,3816
92091,120,Jonez,57,61,360,1,Germany,3888
23165,120,Yabloko Moloko,20,75,409,2,Russia,5161
102447,120,gona,13,122,505,1,Finland,3667
75470,120,Bejcn,50,57,366,0,England,4159
73376,120,Zafus,58,61,424,0,UnitedKingdom,4188
24027,120,BeaVerN,2,128,398,0,Sweden,5122
82320,120,RaTSLaYeR,17,110,407,3,UnitedKingdom,4107
120982,120,Juho,36,87,421,0,Finland,3012
131227,120,Kanga,49,99,442,5,Sweden,2347
302,120,xzr,8,95,380,1,Finland,6022
6958,120,Damasko,9,78,293,0,Spain,5636
115164,120,NURWHAL,35,69,415,1,Ireland,3293
61778,120,Burn,72,29,415,0,Finland,4468
78681,120,Raipe,79,54,466,5,Finland,4135
126416,120,Aelkyr,43,105,341,0,France,2678
108889,119,Cronk,62,36,375,0,Sweden,3479
4809,119,Retsh0ck,5,71,308,0,Israel,5736
24023,119,Dahlbeck,15,82,441,0,Sweden,5122
89256,119,Jake,20,100,418,0,England,4039
107807,119,Apolo,39,132,497,4,England,3487
39064,119,doks,0,93,361,0,Latvia,5070
117356,119,Demind,21,79,308,2,CzechRepublic,3189
39596,119,TaKaS,22,66,219,1,Spain,5061
9085,119,HarryHook,12,69,366,0,Spain,5551
71426,118,Raelyn,67,60,472,1,England,4222
115395,118,Ama,2,117,377,0,France,3285
2208,118,Admirable,19,68,336,1,Ireland,5854
70142,118,Phnx,13,137,567,2,Israel,4245
125181,118,Lowenzahn,41,66,302,0,Germany,2822
115322,118,equal,4,119,421,0,Sweden,3288
54456,118,Korv,36,66,472,0,Sweden,4613
116783,118,u,47,49,352,5,Belarus,3223
10481,118,Hat,23,74,419,0,England,5489
51498,118,thetree,84,12,317,0,UnitedKingdom,4649
80740,118,Bobinsky,6,87,300,2,Sweden,4118
93568,118,MARKO,44,93,498,2,Croatia,3812
51108,117,zinneR,33,63,411,1,Poland,4651
102677,117,Texiq,10,88,332,2,CzechRepublic,3661
74532,117,Andy,24,63,353,0,Norway,4169
126521,117,dmitri,50,90,417,4,Denmark,2676
92350,117,Gotti,17,96,371,2,Romania,3870
62857,117,Shulqiple,11,78,396,0,Israel,4410
15067,117,Rising,3,96,416,0,Germany,5361
68790,117,damneasy,7,79,338,0,Netherlands,4268
6542,117,spirit,0,73,289,0,Russia,5653
18645,117,Leftism,37,63,299,0,Wales,5266
104481,117,Fire,76,15,330,0,UnitedKingdom,3608
9727,117,Mokki,6,83,344,0,Finland,5524
46606,117,GunroX,28,51,340,2,Ukraine,4712
62754,117,Daul,14,88,385,1,European,4417
119817,117,kpstk,13,90,305,6,CzechRepublic,3067
121837,117,Jake,11,97,357,0,UnitedKingdom,2951
98304,116,chris,6,106,491,0,Ireland,3691
1395,116,Shabbaman,12,86,222,0,Netherlands,5881
104328,116,WML,36,47,337,2,England,3613
1121,116,Anderson,4,89,333,0,Wales,5903
3206,116,Black_Bob,41,49,261,0,UnitedKingdom,5817
120907,116,Wheatley,8,118,359,1,UnitedKingdom,3019
64547,116,pajer0,45,73,476,3,Israel,4338
5832,116,Salmon,13,76,317,0,Finland,5684
100703,116,daga,34,90,441,1,Hungary,3683
62123,116,Toba,44,43,346,0,Finland,4452
61740,116,Concrete,28,68,317,2,Portugal,4469
125630,116,Wylenn,23,136,435,0,International (Locked),2763
128942,116,TK_,52,86,528,2,Finland,2578
107432,116,habeef,42,80,331,2,Denmark,3493
89785,115,Samski,18,95,433,0,UnitedKingdom,4007
658,115,Ortin,0,94,358,0,UnitedKingdom,5958
62742,115,Aubriac,10,87,392,1,Netherlands,4418
51452,115,Konna,30,68,359,0,Finland,4649
94877,115,GibZ',80,34,389,3,Netherlands,3745
62741,115,sheff,25,70,291,0,Estonia,4418
6102,115,Sonny Black,12,72,297,0,Germany,5671
91914,115,TOSS,37,56,367,0,Russia,3898
24750,115,Issun,27,56,347,0,Norway,5091
617,115,pala4,33,36,368,1,Russia,5963
2873,115,Wux,2,90,262,0,Scotland,5825
68181,114,scrab,0,105,389,1,UnitedKingdom,4277
4746,114,kustom3,22,70,387,0,France,5738
574,114,ryb,0,94,451,0,Sweden,5967
119766,114,zejiM,41,52,282,0,Hungary,3069
115547,114,csiga,19,108,519,0,Hungary,3277
1734,114,GeaR,0,92,489,2,Germany,5872
72145,114,Pandahh,11,93,346,1,UnitedKingdom,4209
95277,114,HexeLL,41,68,403,0,Poland,3735
121368,114,nagle,31,70,372,1,UnitedKingdom,2984
106488,114,water123,10,136,468,0,Finland,3524
11228,114,lamei,19,70,350,0,Poland,5470
76416,114,Spirit,23,72,216,1,Sweden,4152
118721,114,Shuffles_,40,96,356,0,UnitedKingdom,3113
51862,113,Jedi(fla)master,73,30,278,3,Poland,4647
100762,113,BreD,20,79,352,1,England,3682
1837,113,Snyyppis,3,78,298,0,Finland,5869
68351,113,AEsirson,52,51,303,0,Germany,4275
47566,113,profix,5,107,366,1,Switzerland,4696
32055,113,Alfie,13,84,354,0,England,5085
74963,113,Dandere,48,52,305,0,England,4164
9036,113,Hidan,13,77,347,0,France,5553
125272,112,kcr,43,104,433,3,Poland,2816
3059,112,Genmix,4,85,281,0,Belgium,5821
119929,112,_gar,2,123,397,1,Sweden,3062
5789,112,Chux,11,42,226,0,Croatia,5686
124900,112,sy S,67,35,329,1,Norway,2857
62427,112,Fuxx,36,57,328,0,Portugal,4435
82350,112,extrasolar,70,37,404,1,UnitedKingdom,4107
8686,112,DeGuN,27,54,373,0,France,5568
51315,112,Wiethoofd,21,65,265,0,Netherlands,4650
13623,112,Raven,9,57,289,0,Russia,5415
95079,112,Swallow,49,41,401,0,Germany,3740
89005,112,voxtec,4,133,451,0,Germany,4054
50219,112,&gt;MF&lt;,35,54,289,0,Netherlands,4656
111080,111,Frans,34,68,299,0,Finland,3437
63275,111,Zinson,6,77,347,0,Russia,4389
43975,111,deljin ♪,9,70,340,0,Israel,4778
90821,111,Crypto,43,64,374,1,Netherlands,3957
123419,111,Deki,44,61,355,0,Serbia,2933
106173,111,Harry,67,68,470,0,UnitedKingdom,3537
50025,111,Trensu,48,46,371,1,Poland,4656
3070,111,Tunttu,8,79,290,0,Finland,5820
59771,111,nijoonen,48,40,463,0,Sweden,4516
99134,111,Morrow,18,72,327,0,Netherlands,3689
127879,110,Ironhawk,29,68,279,0,International,2660
14704,110,murje,7,93,375,0,Finland,5374
126100,110,joe the brave,26,83,342,0,UnitedKingdom,2712
114454,110,Derpy Hooves,19,106,354,2,Finland,3324
51551,110,action-,25,76,367,1,Norway,4649
12040,110,Tusken,11,73,331,0,Russia,5448
11662,110,manhunter,2,101,402,0,Hungary,5459
23867,110,Hisoka,16,88,332,0,Finland,5132
57424,110,private_meta,23,56,348,0,Austria,4561
111128,110,aph,0,130,465,1,Finland,3435
4716,109,Dega,7,85,270,0,Germany,5740
95320,109,LostMySelf,8,91,315,0,Finland,3734
41158,109,NeWas,8,72,303,0,Lithuania,5026
50158,109,Snajper,55,43,299,1,Ukraine,4656
120264,109,Luau,71,37,352,0,European,3048
21770,109,Crake,17,61,321,0,England,5198
62625,109,m0rg,50,15,349,0,Russia,4426
105436,109,Lin,63,28,342,0,Netherlands,3570
4283,109,humbug,3,52,170,0,UnitedKingdom,5766
95878,109,hai,11,109,469,1,Finland,3725
120010,109,o.,21,116,343,0,UnitedKingdom,3059
44180,109,Darx,19,66,359,0,Germany,4768
5049,109,Rake,7,61,327,0,Finland,5725
81527,108,pierzzz-,23,58,321,0,Italy,4112
96462,108,BASSOfreak,0,101,287,1,European,3705
116592,108,asianfetish69,0,95,331,0,Sweden,3232
90015,108,letto,8,73,334,0,Austria,3999
112629,108,poy,63,72,469,0,Switzerland,3384
31624,108,Carlow,29,44,363,0,Sweden,5086
50640,108,pablo,12,91,478,0,Poland,4654
75914,108,Jan,27,62,187,0,Slovenia,4155
65969,108,wackey,0,91,392,0,Israel,4311
124830,108,Big Papa MattJ,61,31,296,0,France,2864
70407,108,Lupus,3,122,337,0,Bulgaria,4241
17018,108,Vega,31,54,349,0,Russia,5306
888,107,drleånn,5,70,306,0,Norway,5935
551,107,byte,18,74,269,0,England,5970
94108,107,kevin,65,54,411,0,Belgium,3787
42880,107,NeoX,0,104,315,0,Germany,4901
76116,107,NigerGufi,27,68,314,1,Hungary,4154
6384,107,vroni,3,78,295,1,Germany,5659
47033,107,Henghast,29,63,280,0,Macedonia,4704
96659,107,Shpeeisme,18,68,361,1,Belgium,3698
37855,107,Hank,15,76,307,0,Finland,5075
32632,107,Imortist,37,54,317,0,Russia,5084
2084,107,demsii,22,58,371,0,Netherlands,5860
2870,107,Goose,35,58,203,0,UnitedKingdom,5825
119186,107,Racso,11,95,347,0,Sweden,3092
67108,107,senko,27,115,451,2,Belgium,4291
117878,106,Shadu,20,124,325,3,UnitedKingdom,3161
2805,106,Hurmukka,8,72,229,0,Finland,5826
107688,106,Dwapking,45,95,510,2,Belgium,3489
92183,106,J3pp3,31,65,325,0,Finland,3881
5471,106,Sikopata,2,89,303,0,Spain,5694
112326,106,Bliss,67,21,299,0,England,3396
84143,106,Drezzo,14,81,354,0,England,4095
102713,106,adamracek,19,68,392,1,CzechRepublic,3661
116391,106,0mger,70,121,695,1,Finland,3242
97911,106,Miju,17,89,413,1,Germany,3692
129422,106,trum,20,84,422,1,Hungary,2538
63235,106,Cherie,47,50,273,0,Russia,4390
9532,106,wolve,20,70,361,0,Sweden,5532
7681,106,Vladi,2,75,230,0,Germany,5605
114504,106,Matthes,2,113,296,0,England,3322
45947,106,walters,18,58,346,0,Latvia,4726
92166,106,MatZer,47,85,602,1,Poland,3882
75650,105,1pt,35,44,297,0,Switzerland,4157
105093,105,StellarHoxy,46,48,165,0,Slovakia,3586
57499,105,Karnax,0,95,287,1,France,4560
123528,105,wiita,78,78,547,0,UnitedKingdom,2932
64969,105,sage,0,85,304,0,Spain,4331
31158,105,DimoN_Net,48,54,349,0,Ukraine,5086
10525,105,rIdEn,3,71,293,0,Germany,5487
125694,105,Eddie,17,72,288,0,UnitedKingdom,2755
4497,105,KnOxXx,3,95,487,0,France,5754
34721,105,Flow.,46,32,330,0,Germany,5081
91449,105,Erupo89,73,15,318,0,Italy,3921
5507,105,Redzzzz,0,95,354,0,Russia,5694
34133,105,flandre,26,33,264,1,Russia,5082
96201,105,jyrkas,64,53,346,0,CzechRepublic,3715
77830,105,yllen,9,94,326,0,UnitedKingdom,4141
91929,105,AWJ,8,98,344,0,UnitedKingdom,3897
41324,104,Funkadelic,4,82,273,1,Ireland,5022
126485,104,snh,12,123,456,5,CzechRepublic,2677
95066,104,Piney,74,45,384,4,UnitedKingdom,3740
6710,104,Konfy,2,73,298,0,Germany,5645
45597,104,Bulle,17,72,358,0,France,4733
89828,104,BRASILGORILA99,4,82,246,0,Portugal,4006
80409,104,Leagle_,42,51,326,0,Finland,4120
110016,104,~Solar,76,42,287,2,European,3470
159,104,Coinz,7,65,305,0,Portugal,6059
66891,104,PeterPan,0,92,342,1,Germany,4293
121315,104,Celerio,4,122,472,2,France,2989
44291,104,Limp.,27,68,334,0,Finland,4762
1478,104,wrdo,8,86,290,0,Finland,5876
67513,104,FLOWER,8,92,373,3,Sweden,4286
7792,103,Rex,12,87,362,0,England,5600
2060,103,Kain,0,95,363,0,Germany,5861
15132,103,Dok125,13,66,316,0,Russia,5359
28335,103,Ritalin,38,41,291,0,Scotland,5089
1933,103,albert,2,69,187,0,UnitedKingdom,5866
22665,103,Axe,7,68,302,0,Russia,5177
58887,103,Goreston,69,11,368,0,UnitedKingdom,4523
13739,103,LillCeder,8,73,310,0,Sweden,5409
11411,103,punct,22,57,266,0,Romania,5465
111230,103,denkra,48,25,325,0,Germany,3431
41592,103,Lurius,18,75,371,0,France,5006
43233,103,cribbe,21,71,253,0,Ireland,4877
2314,103,Roque,25,72,207,0,Finland,5848
66648,103,sp,47,35,410,0,Belgium,4297
104914,103,krokit,6,98,297,0,England,3593
1303,103,baerbel,2,72,261,0,BosniaHerzegovina,5886
90808,103,nole,38,45,315,1,Germany,3958
44215,103,Named,20,60,251,0,Estonia,4766
90402,103,BaaBo,75,71,445,3,Finland,3977
123251,103,Jack,62,47,362,1,Germany,2935
65835,103,foungi,68,43,359,1,Germany,4313
117784,103,Divine,20,71,331,2,Netherlands,3167
93760,103,Fribs,17,89,276,0,UnitedKingdom,3802
22694,102,Sef,14,65,318,0,Portugal,5176
66123,102,Hellblazer,0,101,315,0,Bulgaria,4308
107813,102,Elyassu,17,77,292,0,UnitedKingdom,3487
11869,102,MightyMe,16,68,279,1,Netherlands,5453
42826,102,MIndYe,29,50,276,0,Finland,4907
60113,102,fanny_filth,33,43,352,0,Norway,4512
119040,102,marcel,12,96,397,1,France,3097
89258,102,sorsa,16,66,330,0,Finland,4039
14107,102,Whiteglow,3,87,347,0,Russia,5395
6155,102,rtan,4,77,274,0,Scotland,5668
10449,102,Buffalo Bill,19,52,279,0,Netherlands,5490
112607,101,Cuby,16,113,406,0,France,3384
119586,101,karppi,52,32,296,0,Finland,3076
126619,101,Kingorcoc,33,93,365,3,Germany,2675
73313,101,loopster,7,90,289,0,France,4189
97248,101,ekta koling,2,112,368,0,CzechRepublic,3694
62856,101,Zangetsu,1,79,366,0,Israel,4410
71870,101,Tompe,24,68,318,0,Finland,4213
23602,101,Marf,42,54,351,0,Germany,5146
120255,101,Morgan,44,52,314,1,European,3048
111710,101,lawjr,51,90,483,0,England,3415
78434,101,madmak,13,96,333,1,Russia,4136
41649,100,Dikker,3,79,294,2,Russia,5001
5184,100,gniedler,0,76,251,1,Germany,5715
16987,100,rytis,7,73,291,1,Lithuania,5307
11318,100,LaMqTa,9,55,292,2,Bulgaria,5467
1388,100,MoRpHKoPf,6,83,239,0,Germany,5881
111764,100,shinso,64,82,559,0,Serbia,3413
92566,100,hi im cupcake,5,90,222,0,UnitedKingdom,3856
43274,100,Unlimited,29,55,265,8,Russia,4871
92088,100,kpopfan69,0,91,303,2,France,3888
110384,100,Haku,47,61,297,0,Finland,3462
12449,100,Gambles,11,69,275,0,England,5437
46022,100,Dompa,18,45,152,1,Croatia,4724
23526,100,Kaneco,26,45,265,1,Portugal,5149
46737,100,Spike,12,63,328,2,Spain,4709
72215,100,chooper,82,3,398,0,European,4208
89716,100,dissy,44,55,301,0,Finland,4011
12996,99,sno,10,81,244,0,Netherlands,5423
132509,99,Haiva,71,57,470,0,Lithuania,2211
126106,99,juxta,7,129,409,0,France,2711
39615,99,Gara.Stark,18,62,203,4,Spain,5060
77091,99,CbIHoK,61,26,288,0,Russia,4148
126068,99,piggles,9,124,481,0,UnitedKingdom,2715
58911,99,kronis,7,85,277,3,Latvia,4522
61279,99,imba*,68,16,334,3,Russia,4482
4395,99,Daniel,4,65,251,2,Norway,5761
66498,99,taube,15,59,246,5,Slovenia,4300
95308,99,Kaga,66,115,419,1,Scotland,3734
90416,99,unabled,0,82,279,0,Germany,3977
59086,99,fsal,10,83,332,2,Russia,4521
92347,99,Five baz,31,53,285,2,SaudiArabia,3870
70040,99,nuze,4,78,263,0,Scotland,4247
24262,99,Sneakeh,5,90,268,0,England,5104
39321,99,quell,34,49,284,2,Netherlands,5066
123808,99,tev,6,115,322,3,Germany,2922
119789,99,ollitf,64,15,315,0,Finland,3068
44307,99,The Hunky Squirrel,19,73,307,4,Finland,4762
40345,99,prm,28,55,342,3,Russia,5043
33936,99,_sNb,32,59,296,1,Ukraine,5082
81623,98,fnordi,1,83,263,3,Sweden,4111
104533,98,Hoplitejoe,0,91,271,1,UnitedKingdom,3606
76606,98,4hp,69,16,256,0,Portugal,4151
90092,98,Abyss,10,88,290,0,Russia,3995
58963,98,duck,19,67,283,3,England,4522
62108,98,kindred,34,89,530,2,England,4453
91417,98,wreaz,20,64,364,1,Russia,3922
117953,98,Unrav,27,68,340,0,England,3158
48288,98,supra,46,35,349,0,Poland,4683
30255,98,UberLoFF,15,66,333,0,Norway,5087
80184,98,woolen,47,30,281,1,England,4122
57468,98,Klefsas,43,28,310,3,Ukraine,4561
7493,98,Scriptzon,23,52,339,1,Portugal,5613
96704,98,dragon_slayer72,73,26,276,0,Finland,3696
76583,98,ReseF,99,4,361,1,Lithuania,4151
88886,98,Burz,25,64,307,7,Italy,4061
45465,98,unu,28,60,313,1,Sweden,4735
116722,97,One-Two,34,46,293,3,Russia,3225
11161,97,Turbo,4,99,362,0,UnitedKingdom,5472
62265,97,Pepis,8,74,225,3,Finland,4444
945,97,Shintaz,9,39,365,0,UnitedKingdom,5929
26412,97,Reservoir Dog,31,49,275,1,Croatia,5090
119611,97,Rambosaur,81,26,365,1,Belgium,3075
33471,97,Hammock,62,23,239,5,UnitedKingdom,5083
117181,97,John Cena,34,44,233,0,Estonia,3200
8007,97,Warmaster,16,56,243,7,Belgium,5589
67455,97,Jelly,43,24,283,3,Netherlands,4287
103529,97,bohoc,18,85,375,0,Hungary,3640
16773,97,Goala,3,78,244,2,Finland,5314
69831,97,Astt,18,68,381,2,Finland,4251
104460,97,crazy,22,68,311,0,Poland,3608
124225,97,lecunea,24,69,269,0,Sweden,2896
76142,96,crazycalumrock,62,38,287,3,England,4154
72197,96,pingu,13,70,323,0,Netherlands,4208
93947,96,kryma,37,33,327,4,Finland,3795
83701,96,a. larry,16,52,337,1,England,4098
112498,96,n1xx1,7,70,263,2,Italy,3390
18449,96,NiCO god's hand,2,68,321,12,France,5273
123311,96,nik,54,71,404,5,Netherlands,2934
3562,96,Henchie,14,42,126,2,Scotland,5802
89927,96,Yodo,5,71,241,1,European,4003
10471,96,auki,0,68,266,1,Germany,5489
50019,96,sanktio,40,50,313,3,Finland,4656
21417,96,apollon,13,66,294,1,Austria,5203
90725,96,Sebbo,56,46,353,0,Finland,3962
7365,96,evokje,20,52,299,0,European,5619
84527,96,Royal Flush,82,19,290,0,Scotland,4092
114876,96,Scruff,13,80,297,2,England,3304
96421,96,Spoon1337,57,52,346,3,Russia,3707
91848,96,b_fisch,42,48,292,1,Germany,3902
94950,96,rivka,20,100,374,1,Denmark,3743
88077,95,Samytsi,3,66,173,1,Finland,4071
24575,95,GetFoo,23,57,256,4,Sweden,5091
50076,95,panalmi,41,52,307,4,Finland,4656
73241,95,Larath,28,45,283,1,Sweden,4190
20877,95,Califax,6,58,287,1,Netherlands,5210
68512,95,Verse,11,63,316,1,Israel,4273
43088,95,dob,9,73,318,0,Germany,4883
2844,95,Alx,34,27,390,0,Sweden,5825
52617,95,Dr. Heinz,7,78,262,2,Netherlands,4641
118168,95,vikman,73,58,372,0,Russia,3146
7903,95,Bubschen!!!,4,75,249,0,Germany,5595
106142,95,z0diack,26,65,311,1,Wales,3538
118963,95,t4ntrum,10,89,365,1,Netherlands,3101
95884,95,PolygoN,14,76,328,0,England,3725
63516,95,TausoN,25,47,320,2,Spain,4374
58683,95,rech,37,38,257,4,Denmark,4536
70791,95,Poison,4,94,253,0,UnitedKingdom,4235
93016,94,Glyra,57,33,257,0,Netherlands,3837
2229,94,Plapla,19,56,311,4,France,5853
7679,94,dave,1,69,231,0,Germany,5605
131921,94,Noot,36,67,320,0,Germany,2272
117194,94,vocey,24,49,215,2,Algeria,3199
1896,94,Cup Cake,29,55,277,2,European,5867
111287,94,Hoolygan5,25,46,287,2,Hungary,3428
89544,94,wardemon,24,67,320,0,England,4021
75679,94,Popcorp,39,40,280,3,Estonia,4157
77226,94,gilga,44,76,374,0,England,4147
115836,94,donnyeuzhelietoon,19,73,359,1,Russia,3265
72818,94,Via,2,83,267,0,Denmark,4198
10114,94,WildEast,23,54,277,1,Egypt,5506
89679,94,[☁]Emiel,66,27,366,2,Netherlands,4013
2059,94,Blade,9,69,262,1,Germany,5861
91761,94,Patonki_,6,71,263,2,Finland,3907
113700,93,spuugen,31,63,280,3,Finland,3354
43251,93,guz,9,65,243,1,Lithuania,4874
120326,93,El chippo,41,38,233,3,Scotland,3044
1107,93,crz,2,61,194,1,Germany,5904
64982,93,Dange,26,60,292,0,Finland,4330
39648,93,Heny,17,84,282,0,Sweden,5059
47629,93,sid vicious,12,62,276,2,Belarus,4695
117029,93,ducky,26,53,319,3,Scotland,3207
91272,93,Mind,17,62,219,1,Russia,3928
126459,93,HASASYIN,41,42,250,1,Thailand,2678
127149,93,Apollo,34,133,459,1,UnitedKingdom,2672
57479,93,supreme,2,74,272,2,Italy,4560
57229,93,Buddie,12,72,208,0,Portugal,4565
25622,93,letku,30,25,314,1,Finland,5090
126288,93,HOI,6,78,250,2,England,2691
5144,93,Bassie,7,60,184,2,Scotland,5718
68879,93,Thaigrr,7,90,446,0,England,4267
117966,93,Shaddow,70,88,504,1,UnitedKingdom,3157
89531,93,Matek,46,103,587,2,Poland,4022
95091,93,Kireek,77,26,306,2,England,3740
125319,93,T.J aka Kacperski75,20,65,239,4,Poland,2811
94005,93,hamaham,18,71,250,1,France,3792
11080,93,Exon.,21,55,343,3,France,5473
111599,93,Citrus,93,8,372,2,Russia,3418
94640,92,krafty,6,80,286,1,International,3757
118844,92,klassy,7,75,346,3,Sweden,3106
113940,92,pinky of Buddha,12,68,313,4,Russia,3346
12234,92,unHuman,5,47,260,3,Russia,5443
111677,92,Perlex,9,66,270,0,Hungary,3416
1901,92,ilike2spin,3,69,245,0,England,5867
18495,92,Coco,16,38,248,2,Belgium,5271
907,92,Dut0n,0,63,167,2,Luxembourg,5932
124643,92,Qohen,30,42,270,2,Portugal,2874
2499,92,Rok0s,0,70,280,2,CzechRepublic,5833
103978,92,Zush,35,42,250,1,European,3625
25576,92,baud,9,49,276,7,Belgium,5090
6180,92,sidestep,13,69,233,0,Germany,5667
68679,92,yucca,77,10,296,0,Russia,4270
114037,92,Wolfy,25,62,252,0,Belgium,3342
3235,92,FreezeR,9,46,238,1,Germany,5816
824,92,krol,14,47,244,2,Russia,5940
95198,92,Chronos,41,29,325,3,European,3737
56099,92,dffdls,5,57,290,0,European,4583
75271,92,Scissors,47,16,295,1,Denmark,4160
105144,92,Aaron,9,110,340,2,Germany,3583
106831,92,Puoskari,0,82,370,0,Finland,3511
103453,91,feevz,0,97,339,0,Russia,3642
92950,91,bonobo,52,15,329,3,Belgium,3840
57428,91,Twiggy,4,85,248,2,International,4561
22429,91,Sideshow,5,76,315,1,UnitedKingdom,5184
116772,91,Kars,7,83,369,1,Netherlands,3224
100446,91,Teriyaki,48,65,358,2,Portugal,3684
89597,91,nick fillax,30,48,227,0,Germany,4018
43155,91,Meatsoldier,12,63,324,2,Russia,4880
120717,91,Straus,59,69,386,3,CzechRepublic,3032
133169,91,Luka Enderman,62,92,614,0,Croatia,2156
107810,91,celvn,9,74,278,1,Germany,3487
75014,91,Cabbage,20,67,311,1,Belgium,4163
68468,91,WalkeR1337,103,0,468,1,Russia,4273
116309,91,Reoccurring,33,39,250,2,Hungary,3246
92939,91,Soupah,4,73,277,3,France,3840
8944,91,KLar,13,58,323,1,Germany,5558
18106,91,Spike Himself,7,62,226,1,Netherlands,5284
6611,91,miz.stony,0,67,222,0,Germany,5650
119185,91,Dying Tom,2,94,290,2,Belgium,3092
4695,91,GangsterAlgot,1,64,147,0,Sweden,5742
557,90,mosepose,9,65,227,0,Germany,5970
66878,90,rabid,1,64,249,3,Austria,4293
52364,90,Fisherman Mamadu,25,62,252,1,Portugal,4644
61424,90,OverLord,8,68,294,2,Russia,4479
14385,90,CUBE,24,39,309,1,England,5386
125847,90,ziggokill,41,103,382,1,Sweden,2737
3752,90,rge,1,68,225,1,Germany,5793
125725,90,Temp,21,59,274,5,CzechRepublic,2751
92563,90,dududul POPOPOL,3,76,282,1,France,3856
390,90,pischto,0,63,168,3,Luxembourg,5998
128505,90,MORGENSHTERN,35,58,373,0,Israel,2621
48471,90,Chemical,8,81,337,0,Russia,4679
4930,90,KillAri,2,77,314,0,Belgium,5733
1693,90,markyB,0,73,203,2,Netherlands,5873
79922,90,evans,2,82,286,1,England,4124
95939,90,aychi,62,35,318,0,England,3724
69807,90,Ocx,26,36,220,2,Estonia,4251
38470,90,The Worst,26,37,252,2,Russia,5074
103767,90,Sodium,44,40,291,0,Belgium,3633
130472,90,Black,56,90,537,1,Ireland,2421
42521,89,screwb,4,80,271,0,UnitedStates,4933
13666,89,MikeChilds,13,36,202,1,England,5413
72550,89,D!,6,70,258,1,Germany,4203
112203,89,Kyy,15,91,401,0,Finland,3399
26003,89,WildFire,6,56,176,1,UnitedKingdom,5090
101390,89,START9,22,46,251,3,Sweden,3678
10998,89,Si^,22,42,284,2,England,5475
92205,89,yaynos,21,59,205,1,England,3880
17143,89,st1ff,4,69,309,0,Russia,5303
10370,89,car5ten,11,70,222,2,Germany,5494
119942,89,WFlash,0,86,285,0,Spain,3062
55709,89,paparazi,2,74,293,0,Poland,4591
105070,89,YYYEBOK,9,78,324,0,Russia,3586
57863,89,Fra.ger,17,63,279,2,Lithuania,4553
47800,89,mhwk,7,66,270,1,CzechRepublic,4692
3439,89,userid_ivan,25,54,295,3,Italy,5807
104908,89,Rockz,6,57,249,2,CzechRepublic,3593
13654,88,Ferret,0,30,130,1,England,5414
125489,88,samii,75,47,416,1,England,2783
5893,88,Willow,9,48,162,1,UnitedKingdom,5679
96697,88,Exze,21,65,257,0,UnitedKingdom,3697
92867,88,Toodles,12,122,315,2,Sweden,3843
131781,88,HaZz,26,64,234,4,UnitedKingdom,2286
12832,88,KloolK,12,43,238,0,Germany,5426
12194,88,stuntz,12,67,274,3,Portugal,5444
30677,88,Swedish Santa,22,54,280,5,Sweden,5087
1131,88,Kop,5,65,194,1,England,5902
136662,88,Gergosz.,48,78,507,1,Hungary,1515
104876,88,Not Steven,39,99,583,0,UnitedKingdom,3595
8550,88,cezar,21,55,286,1,Ukraine,5571
74416,88,Pete_,2,70,245,0,Austria,4171
90329,88,Karx,32,45,256,2,Poland,3982
